BASE,Authors,Title,Year,DOI,Link
SCOPUS,"Wulf A.J., Seizov O.",“Please understand we cannot provide further information”: evaluating content and transparency of GDPR-mandated AI disclosures,2022,10.1007/s00146-022-01424-z,https://www.scopus.com/inward/record.uri?eid=2-s2.0-85129848315&doi=10.1007%2fs00146-022-01424-z&partnerID=40&md5=cfb71983c01c1926c27f15a26947f52a
SCOPUS,"Lewis D., Moorkens J.",A Rights-Based Approach to Trustworthy AI in Social Media,2020,10.1177/2056305120954672,https://www.scopus.com/inward/record.uri?eid=2-s2.0-85091716474&doi=10.1177%2f2056305120954672&partnerID=40&md5=7d6214b89607129a52d1589fe8ab022b
SCOPUS,"Salgado-Criado J., Fernandez-Aller C.",A Wide Human-Rights Approach to Artificial Intelligence Regulation in Europe,2021,10.1109/MTS.2021.3056284,https://www.scopus.com/inward/record.uri?eid=2-s2.0-85107382326&doi=10.1109%2fMTS.2021.3056284&partnerID=40&md5=d1a844bb828c31af1a6a60b222f2ced6
ACADEMIC,"Joamets, Kristi; Chochia, Archil",Access to Artificial Intelligence for Persons with Disabilities: Legal and Ethical Questions Concerning the Application of Trustworthy AI.,Spring2021,10.11590/abhps.2021.1.04,"https://search.ebscohost.com/login.aspx?direct=true&AuthType=cookie,ip,shib,uid&db=aph&AN=150601663&lang=pt-br&site=ehost-live"
ACADEMIC,Jili B,Africa: regulate surveillance technologies and personal data.,2022 jul.,10.1038/d41586-022-01949-9,"https://search.ebscohost.com/login.aspx?direct=true&AuthType=cookie,ip,shib,uid&db=mdc&AN=35851875&lang=pt-br&site=ehost-live"
ACADEMIC,Chu CH; Leslie K; Shi J; Nyrup R; Bianchi A; Khan SS; Rahimi SA; Lyn A; Grenier A,Ageism and Artificial Intelligence: Protocol for a Scoping Review.,2022 jun. 09,10.2196/33211,"https://search.ebscohost.com/login.aspx?direct=true&AuthType=cookie,ip,shib,uid&db=mdc&AN=35679118&lang=pt-br&site=ehost-live"
ACADEMIC,"Mantelero, Alessandro","AI and Big Data: A blueprint for a human rights, social and ethical impact assessment.",Aug2018,10.1016/j.clsr.2018.05.017,"https://search.ebscohost.com/login.aspx?direct=true&AuthType=cookie,ip,shib,uid&db=aph&AN=130965281&lang=pt-br&site=ehost-live"
ACADEMIC,"Liu, Hin-Yan",AI Challenges and the Inadequacy of Human Rights Protections.,Apr2021,10.1080/0731129X.2021.1903709,"https://search.ebscohost.com/login.aspx?direct=true&AuthType=cookie,ip,shib,uid&db=aph&AN=150191606&lang=pt-br&site=ehost-live"
ACADEMIC,"Nwafor, Ifeoma Elizabeth",AI ethical bias: a case for AI vigilantism (AIlantism) in shaping the regulation of AI.,Autumn2021,10.1093/ijlit/eaab008,"https://search.ebscohost.com/login.aspx?direct=true&AuthType=cookie,ip,shib,uid&db=iih&AN=153797987&lang=pt-br&site=ehost-live"
ACADEMIC,"Shachar, Carmel; Gerke, Sara; Adashi, Eli Y.",AI Surveillance during Pandemics: Ethical Implementation Imperatives.,May2020,10.1002/hast.1125,"https://search.ebscohost.com/login.aspx?direct=true&AuthType=cookie,ip,shib,uid&db=c8h&AN=144300454&lang=pt-br&site=ehost-live"
SCOPUS,"Calderon-Valencia F., Perez-Montoya J.J., De Morais F.S.",AI Systems in Brazilian Supreme Federal Court and the Colombian Constitutional Court Experiences: Prospective Analysis [Sistemas De Ia En La Experiencia Del Supremo Tribunal Federal BrasileÑO Y La Corte Constitucional Colombiana: AnÁLisis Prospectivo],2021,10.26512/lstr.v13i1.35614,https://www.scopus.com/inward/record.uri?eid=2-s2.0-85107534301&doi=10.26512%2flstr.v13i1.35614&partnerID=40&md5=78ff65d45c0aa95acbd85ba4ebb69e21
ACADEMIC,"KOMPELLA, KASHYAP",AI Without Ethics Leads Down a Dark Path.,Nov/Dec2021,,"https://search.ebscohost.com/login.aspx?direct=true&AuthType=cookie,ip,shib,uid&db=aph&AN=153136606&lang=pt-br&site=ehost-live"
ACADEMIC,"Manjarres, Angeles; Pickin, Simon; Artaso, Miguel A.; Gibbons, Elizabeth",AI4Eq: For a True Global Village Not for Global Pillage.,mar.2021,10.1109/MTS.2021.3056290,"https://search.ebscohost.com/login.aspx?direct=true&AuthType=cookie,ip,shib,uid&db=iih&AN=149417929&lang=pt-br&site=ehost-live"
SCOPUS,Brand D.J.,Algorithmic decision-making and the law,2020,10.29379/jedem.v12i1.576,https://www.scopus.com/inward/record.uri?eid=2-s2.0-85090750422&doi=10.29379%2fjedem.v12i1.576&partnerID=40&md5=1f7d41228bb650416d6191e7330a2727
SCOPUS,Nalbandian L.,An eye for an ‘I:’ a critical assessment of artificial intelligence tools in migration and asylum management,2022,10.1186/s40878-022-00305-0,https://www.scopus.com/inward/record.uri?eid=2-s2.0-85135260094&doi=10.1186%2fs40878-022-00305-0&partnerID=40&md5=e5a3e44b0a899df21c79498bcd222200
SCOPUS,[No author name available],Annual meeting of the Eastern mediterranean research ethics review committee,2020,10.26719/2020.26.3.365,https://www.scopus.com/inward/record.uri?eid=2-s2.0-85083321897&doi=10.26719%2f2020.26.3.365&partnerID=40&md5=f70ab968c5d4197f629291a9ba4d9b1c
ACADEMIC,,Are superintelligent robots entitled to human rights?,Sep2022,10.1111/rati.12346,"https://search.ebscohost.com/login.aspx?direct=true&AuthType=cookie,ip,shib,uid&db=aph&AN=158411966&lang=pt-br&site=ehost-live"
ACADEMIC,"Kouroupis, Konstantinos; Vagiano, Dimitrios; Totka, Aikaterini",Artificial Intelligence and Customer Relationship Management: The Case of Chatbots and Their Legality Framework.,2021,10.5553/EEYHR/258977642021004001002,"https://search.ebscohost.com/login.aspx?direct=true&AuthType=cookie,ip,shib,uid&db=aph&AN=155011060&lang=pt-br&site=ehost-live"
SCOPUS,"Chatterjee S., N.S S.",Artificial intelligence and human rights: a comprehensive study from Indian legal and policy perspective,2022,10.1108/IJLMA-02-2021-0049,https://www.scopus.com/inward/record.uri?eid=2-s2.0-85108152642&doi=10.1108%2fIJLMA-02-2021-0049&partnerID=40&md5=2973c10d91bafaea98c08095c4e0528f
SCOPUS,Sartor G.,Artificial intelligence and human rights: Between law and ethics,2020,10.1177/1023263X20981566,https://www.scopus.com/inward/record.uri?eid=2-s2.0-85097744215&doi=10.1177%2f1023263X20981566&partnerID=40&md5=c613ae44325fe386426e3166014d0834
SCOPUS,Cantarini P.,Artificial intelligence and pandemic control: Digital biopolitics and the end of the era of humanism [Inteligência artificial e controle de pandemias: Biopolítica digital e o fim da era do humanismo],2020,10.21902/revistajur.2316-753X.v4i61.4609,https://www.scopus.com/inward/record.uri?eid=2-s2.0-85096646757&doi=10.21902%2frevistajur.2316-753X.v4i61.4609&partnerID=40&md5=c4240f4f670430e1d0fd59aad111b33e
ACADEMIC,"Aliyev, Amir Ibrahim; Rzayeva, Gulnaz Aydin; Ibrahimova, Aytakin Nazim",Artificial Intelligence and Personal Data: International and National Framework.,mar.2021,10.14658/pupj-phrg-2021-1-4,"https://search.ebscohost.com/login.aspx?direct=true&AuthType=cookie,ip,shib,uid&db=sih&AN=150138488&lang=pt-br&site=ehost-live"
SCOPUS,de Siles E.L.,Artificial intelligence bias and discrimination: Will we pull the arc of the moral universe towards justice?,2021,,https://www.scopus.com/inward/record.uri?eid=2-s2.0-85119619483&partnerID=40&md5=d677f89cf8701ee0a35d0d8cc9b3f869
SCOPUS,"Stahl B.C., Andreou A., Brey P., Hatzakis T., Kirichenko A., Macnish K., Laulhé Shaelou S., Patel A., Ryan M., Wright D.",Artificial intelligence for human flourishing – Beyond principles for machine learning,2021,10.1016/j.jbusres.2020.11.030,https://www.scopus.com/inward/record.uri?eid=2-s2.0-85098925550&doi=10.1016%2fj.jbusres.2020.11.030&partnerID=40&md5=644281bf13242697104ad2dcb4fb88c0
SCOPUS,Parveen R.,Artificial intelligence in construction industry: Legal issues and regulatory challenges,2018,,https://www.scopus.com/inward/record.uri?eid=2-s2.0-85059556911&partnerID=40&md5=1ce3111c49d0dd662fd094ef218fc8ff
ACADEMIC,Marda V,Artificial intelligence policy in India: a framework for engaging the limits of data-driven decision-making.,2018 Oct 15,10.1098/rsta.2018.0087,"https://search.ebscohost.com/login.aspx?direct=true&AuthType=cookie,ip,shib,uid&db=mdc&AN=30323001&lang=pt-br&site=ehost-live"
SCOPUS,"Backholer K., Baum F., Finlay S.M., Friel S., Giles-Corti B., Jones A., Patrick R., Shill J., Townsend B., Armstrong F., Baker P., Bowen K., Browne J., Büsst C., Butt A., Canuto K., Canuto K., Capon A., Corben K., Daube M., Goldfeld S., Grenfell R., Gunn L., Harris P., Horton K., Keane L., Lacy-Nichols J., Lo S.N., Lovett R.W., Lowe M., Martin J.E., Neal N., Peeters A., Pettman T., Thoms A., Thow A.M.T., Timperio A., Williams C., Wright A., Zapata-Diomedi B., Demaio S.",Australia in 2030: what is our path to health for all?,2021,10.5694/mja2.51020,https://www.scopus.com/inward/record.uri?eid=2-s2.0-85105030886&doi=10.5694%2fmja2.51020&partnerID=40&md5=b0e8f243e5557cdab73f9165d726c401
SCOPUS,Malgieri G.,Automated decision-making in the EU Member States: The right to explanation and other “suitable safeguards” in the national legislations,2019,10.1016/j.clsr.2019.05.002,https://www.scopus.com/inward/record.uri?eid=2-s2.0-85068436639&doi=10.1016%2fj.clsr.2019.05.002&partnerID=40&md5=c45de188e1d45457c7c99b2dc478dc61
SCOPUS,Peršak N.,Automated justice and ITS limits: Irreplaceable human(E) dimensions of criminal justice,2021,,https://www.scopus.com/inward/record.uri?eid=2-s2.0-85120567576&partnerID=40&md5=591e0b2136f803447895501fe786c110
ACADEMIC,"Smuha, Nathalie A.","Beyond a Human Rights-Based Approach to AI Governance: Promise, Pitfalls, Plea.",Nov2021 Supplement 1,10.1007/s13347-020-00403-w,"https://search.ebscohost.com/login.aspx?direct=true&AuthType=cookie,ip,shib,uid&db=aph&AN=153899481&lang=pt-br&site=ehost-live"
SCOPUS,"Liu H.-W., Lin C.-F., Chen Y.-J.","Beyond state v loomis: Artificial intelligence, government algorithmization and accountability",2019,10.1093/ijlit/eaz001,https://www.scopus.com/inward/record.uri?eid=2-s2.0-85070339312&doi=10.1093%2fijlit%2feaz001&partnerID=40&md5=0cd161a29cf663d4e7e0e21552b56b57
SCOPUS,"Ntoutsi E., Fafalios P., Gadiraju U., Iosifidis V., Nejdl W., Vidal M.-E., Ruggieri S., Turini F., Papadopoulos S., Krasanakis E., Kompatsiaris I., Kinder-Kurlanda K., Wagner C., Karimi F., Fernandez M., Alani H., Berendt B., Kruegel T., Heinze C., Broelemann K., Kasneci G., Tiropanis T., Staab S.",Bias in data-driven artificial intelligence systems—An introductory survey,2020,10.1002/widm.1356,https://www.scopus.com/inward/record.uri?eid=2-s2.0-85078894838&doi=10.1002%2fwidm.1356&partnerID=40&md5=f56beb887eea8a90beedb2f5aa428c10
SCOPUS,"Gryz J., Rojszczak M.",Black box algorithms and the rights of individuals: No easy solution to the “explainability” problem,2021,10.14763/2021.2.1564,https://www.scopus.com/inward/record.uri?eid=2-s2.0-85111114776&doi=10.14763%2f2021.2.1564&partnerID=40&md5=53dc461e2bb2f9fd23e66faa4837c9ae
SCOPUS,Ams S.,Blurred lines: the convergence of military and civilian uses of AI & data use and its impact on liberal democracy,2021,10.1057/s41311-021-00351-y,https://www.scopus.com/inward/record.uri?eid=2-s2.0-85113819096&doi=10.1057%2fs41311-021-00351-y&partnerID=40&md5=87a63e5c253c61ac839f90c5f3c7ce8e
ACADEMIC,"Nemitz, Paul",Constitutional democracy and technology in the age of artificial intelligence.,11/28/2018,10.1098/rsta.2018.0089,"https://search.ebscohost.com/login.aspx?direct=true&AuthType=cookie,ip,shib,uid&db=aph&AN=133538861&lang=pt-br&site=ehost-live"
SCOPUS,"Marsoof A., Luco A., Tan H., Joty S.","Content-filtering AI systems–limitations, challenges and regulatory approaches",2022,10.1080/13600834.2022.2078395,https://www.scopus.com/inward/record.uri?eid=2-s2.0-85130732105&doi=10.1080%2f13600834.2022.2078395&partnerID=40&md5=f43cbcba3a3e1680c9a4e59c1e55d0a3
ACADEMIC,Herrera-Ferrá K; Muñoz JM; Nicolini H; Saruwatari Zavala G; Martínez Bullé Goyri VM,Contextual and Cultural Perspectives on Neurorights: Reflections Toward an International Consensus.,2022 mar. 27,10.1080/21507740.2022.2048722,"https://search.ebscohost.com/login.aspx?direct=true&AuthType=cookie,ip,shib,uid&db=mdc&AN=35341473&lang=pt-br&site=ehost-live"
SCOPUS,Weber-Lewerenz B.,Corporate digital responsibility (CDR) in construction engineering—ethical guidelines for the application of digital transformation and artificial intelligence (AI) in user practice,2021,10.1007/s42452-021-04776-1,https://www.scopus.com/inward/record.uri?eid=2-s2.0-85114689451&doi=10.1007%2fs42452-021-04776-1&partnerID=40&md5=12a604c0502e8c8091e0556a69f9c973
SCOPUS,Realing A.D.D.,Courts and Artificial Intelligence,2020,10.36745/IJCA.343,https://www.scopus.com/inward/record.uri?eid=2-s2.0-85090000344&doi=10.36745%2fIJCA.343&partnerID=40&md5=cd1102fd0c36c13501647f45d4a35d73
ACADEMIC,"Sharma, Ishan",Creating a model democratic alternative to the surveillance state.,Sep2022,10.1080/00963402.2022.2109325,"https://search.ebscohost.com/login.aspx?direct=true&AuthType=cookie,ip,shib,uid&db=fsr&AN=158997912&lang=pt-br&site=ehost-live"
ACADEMIC,"Afnan, Masoud; Afnan, Michael Anis Mihdi; Liu, Yanhe; Savulescu, Julian; Mishra, Abhishek; Conitzer, Vincent; Rudin, Cynthia",Data solidarity for machine learning for embryo selection: a call for the creation of an open access repository of embryo data.,jul.2022,10.1016/j.rbmo.2022.03.015,"https://search.ebscohost.com/login.aspx?direct=true&AuthType=cookie,ip,shib,uid&db=aph&AN=157353669&lang=pt-br&site=ehost-live"
SCOPUS,"Saheb T., Sabour E., Qanbary F., Saheb T.",Delineating privacy aspects of COVID tracing applications embedded with proximity measurement technologies & digital technologies,2022,10.1016/j.techsoc.2022.101968,https://www.scopus.com/inward/record.uri?eid=2-s2.0-85126576655&doi=10.1016%2fj.techsoc.2022.101968&partnerID=40&md5=37734f61b9a628766ac0b2eab84902e8
SCOPUS,"Aizenberg E., van den Hoven J.",Designing for human rights in AI,2020,10.1177/2053951720949566,https://www.scopus.com/inward/record.uri?eid=2-s2.0-85089562553&doi=10.1177%2f2053951720949566&partnerID=40&md5=3bd442c5a50b6110676a04adabd7023d
ACADEMIC,"Añón Roig, María José",DESIGUALDADES ALGORÍTMICAS: CONDUCTAS DE ALTO RIESGO PARA LOS DERECHOS HUMANOS.,jun.2022,10.20318/dyl.2022.6872,"https://search.ebscohost.com/login.aspx?direct=true&AuthType=cookie,ip,shib,uid&db=aph&AN=157533012&lang=pt-br&site=ehost-live"
SCOPUS,"Regina P., De Capitani E.",Digital Innovation and Migrants’ Integration: Notes on EU Institutional and Legal Perspectives and Criticalities,2022,10.3390/socsci11040144,https://www.scopus.com/inward/record.uri?eid=2-s2.0-85127775134&doi=10.3390%2fsocsci11040144&partnerID=40&md5=9f30c4d45ce3eb23bb20636c5fc97a50
ACADEMIC,"CEBALLOS, CRISTINA ISABEL; ENGSTROM, DAVID FREEMAN; HO, DANIEL E.",Disparate Limbo: How Administrative Law Erased Antidiscrimination.,nov.2021,,"https://search.ebscohost.com/login.aspx?direct=true&AuthType=cookie,ip,shib,uid&db=aph&AN=153923617&lang=pt-br&site=ehost-live"
ACADEMIC,Bess M,Eight Kinds of Critters: A Moral Taxonomy for the Twenty-Second Century.,2018 Sep 05,10.1093/jmp/jhy018,"https://search.ebscohost.com/login.aspx?direct=true&AuthType=cookie,ip,shib,uid&db=mdc&AN=30189038&lang=pt-br&site=ehost-live"
SCOPUS,Hernández Peña J.C.,"Electoral campaigns, Big Data and ideological profiling. Addressing their problematic from the perspective of the fundamental right to data protection [CAMPAÑAS ELECTORALES, BIG DATA Y PERFILADO IDEOLÓGICO. APROXIMACIÓN A SU PROBLEMÁTICA DESDE EL DERECHO FUNDAMENTAL A LA PROTECCIÓN DE DATOS]",2022,10.18042/cepc/redc.124.02,https://www.scopus.com/inward/record.uri?eid=2-s2.0-85130404694&doi=10.18042%2fcepc%2fredc.124.02&partnerID=40&md5=02db0898641df00c447641612d101c74
SCOPUS,"Fukuda-Parr S., Gibbons E.",Emerging Consensus on ‘Ethical AI’: Human Rights Critique of Stakeholder Guidelines,2021,10.1111/1758-5899.12965,https://www.scopus.com/inward/record.uri?eid=2-s2.0-85108248580&doi=10.1111%2f1758-5899.12965&partnerID=40&md5=1fd2f5b2347b8e4bb43b3a8a2c1b2f37
ACADEMIC,"McStay, Andrew",Emotional AI and EdTech: serving the public good?,Sep2020,10.1080/17439884.2020.1686016,"https://search.ebscohost.com/login.aspx?direct=true&AuthType=cookie,ip,shib,uid&db=aph&AN=145199378&lang=pt-br&site=ehost-live"
SCOPUS,"Gremsl T., Hödl E.",Emotional AI: Legal and ethical challenges,2022,10.3233/IP-211529,https://www.scopus.com/inward/record.uri?eid=2-s2.0-85132710965&doi=10.3233%2fIP-211529&partnerID=40&md5=2250d9a15e5650a82008610e6b8cda0c
ACADEMIC,Fanni R; Steinkogler VE; Zampedri G; Pierson J,Enhancing human agency through redress in Artificial Intelligence Systems.,2022 jun. 05,10.1007/s00146-022-01454-7,"https://search.ebscohost.com/login.aspx?direct=true&AuthType=cookie,ip,shib,uid&db=mdc&AN=35692234&lang=pt-br&site=ehost-live"
ACADEMIC,"SORBÁN, KINGA",Ethical and legal implications of using AI-powered recommendation systems in streaming services.,2021,10.22503/inftars.XXI.2021.2.5,"https://search.ebscohost.com/login.aspx?direct=true&AuthType=cookie,ip,shib,uid&db=aph&AN=152636633&lang=pt-br&site=ehost-live"
SCOPUS,"Ausín T., Martínez M.B.A.",Ethics and health data protection in pandemics: A reference to the case of applications for contact tracking [Ética y protección de datos de salud en contexto de pandemia: Una referencia especial al caso de las aplicaciones de rastreo de contactos],2020,10.5565/rev/enrahonar.1304,https://www.scopus.com/inward/record.uri?eid=2-s2.0-85096066943&doi=10.5565%2frev%2fenrahonar.1304&partnerID=40&md5=3be7d34cd93e4e4abadc92569c0cc393
SCOPUS,Leal T.D.Z.,Ethics in Artificial Intelligence from the perspective of Law [La ética en inteligencia artificial desde la perspectiva del derecho],2021,10.15332/19090528.6785,https://www.scopus.com/inward/record.uri?eid=2-s2.0-85123072230&doi=10.15332%2f19090528.6785&partnerID=40&md5=67fcbb6f2c6b65e0d20df2de78de2fa0
SCOPUS,Van Kolfschooten H.,EU REGULATION OF ARTIFICIAL INTELLIGENCE: CHALLENGES FOR PATIENTS' RIGHTS,2022,,https://www.scopus.com/inward/record.uri?eid=2-s2.0-85125098864&partnerID=40&md5=d64d9fc889a7d3e13f84be9c6335a80a
ACADEMIC,"Ross, Graham",Europe's Coordinated Approach to ODR.,2022,10.5553/IJODR/235250022022009001004,"https://search.ebscohost.com/login.aspx?direct=true&AuthType=cookie,ip,shib,uid&db=aph&AN=158051789&lang=pt-br&site=ehost-live"
ACADEMIC,"HO, DANIEL E.; BLACK, EMILY; AGRAWALA, MANEESH; LI FEI-FEI",EVALUATING FACIAL RECOGNITION TECHNOLOGY: A PROTOCOL FOR PERFORMANCE ASSESSMENT IN NEW DOMAINS.,2021,,"https://search.ebscohost.com/login.aspx?direct=true&AuthType=cookie,ip,shib,uid&db=aph&AN=151985753&lang=pt-br&site=ehost-live"
SCOPUS,"Chatterjee S., N.S S., Hussain Z.",Evolution of artificial intelligence and its impact on human rights: from sociolegal perspective,2022,10.1108/IJLMA-06-2021-0156,https://www.scopus.com/inward/record.uri?eid=2-s2.0-85112517219&doi=10.1108%2fIJLMA-06-2021-0156&partnerID=40&md5=6e76afde180b83839548b69605ce840c
SCOPUS,Raposo V.L.,Ex machina: preliminary critical assessment of the European Draft Act on artificial intelligence,2022,10.1093/ijlit/eaac007,https://www.scopus.com/inward/record.uri?eid=2-s2.0-85130060665&doi=10.1093%2fijlit%2feaac007&partnerID=40&md5=7d15fc7a123d4dff023b271c175379e4
ACADEMIC,Donnelly DL,First Do No Harm: Legal Principles Regulating the Future of Artificial Intelligence in Health Care in South Africa.,2022 jan. 11,10.17159/1727-3781/2022/v25ia11118,"https://search.ebscohost.com/login.aspx?direct=true&AuthType=cookie,ip,shib,uid&db=mdc&AN=35634136&lang=pt-br&site=ehost-live"
SCOPUS,"Harutyunyan D., Yeremyan L.",Freedom of thought: Legal protection from manipulation,2020,10.24234/WISDOM.V14I1.310,https://www.scopus.com/inward/record.uri?eid=2-s2.0-85090462891&doi=10.24234%2fWISDOM.V14I1.310&partnerID=40&md5=12fcc0a69a932b35500a436aa0a6e565
ACADEMIC,"Liu, Hin-Yan; Zawieska, Karolina",From responsible robotics towards a human rights regime oriented to the challenges of robotics and artificial intelligence.,Dec2020,10.1007/s10676-017-9443-3,"https://search.ebscohost.com/login.aspx?direct=true&AuthType=cookie,ip,shib,uid&db=iih&AN=146605409&lang=pt-br&site=ehost-live"
ACADEMIC,"Cath, Corinne","Governing artificial intelligence: ethical, legal and technical opportunities and challenges.",11/28/2018,10.1098/rsta.2018.0080,"https://search.ebscohost.com/login.aspx?direct=true&AuthType=cookie,ip,shib,uid&db=aph&AN=133538854&lang=pt-br&site=ehost-live"
SCOPUS,"Chenou J.-M., Valenzuela L.E.R.","Habeas data, habemus algorithms: Algorithmic intervention in public interest decision-making in colombia",2021,10.26512/lstr.v13i2.34113,https://www.scopus.com/inward/record.uri?eid=2-s2.0-85115769070&doi=10.26512%2flstr.v13i2.34113&partnerID=40&md5=67f14f3741b99f383382f47b39018ef0
ACADEMIC,"Li, Qing; Du, YaJun; Li, ZhaoYan; Hu, JinRong; Hu, RuiLin; Lv, BingYan; Jia, Peng",HK–SEIR model of public opinion evolution based on communication factors.,Apr2021,10.1016/j.engappai.2021.104192,"https://search.ebscohost.com/login.aspx?direct=true&AuthType=cookie,ip,shib,uid&db=aph&AN=149177043&lang=pt-br&site=ehost-live"
SCOPUS,Teo S.A.,How Artificial Intelligence Systems Challenge the Conceptual Foundations of the Human Rights Legal Framework,2022,10.1080/18918131.2022.2073078,https://www.scopus.com/inward/record.uri?eid=2-s2.0-85131696429&doi=10.1080%2f18918131.2022.2073078&partnerID=40&md5=d9cbc5f5de91f10075c9921773f762fa
SCOPUS,Reed C.,How should we regulate artificial intelligence?,2018,10.1098/rsta.2017.0360,https://www.scopus.com/inward/record.uri?eid=2-s2.0-85060243306&doi=10.1098%2frsta.2017.0360&partnerID=40&md5=159a868b6ae750536efd94f43733f588
SCOPUS,Schwarz E.C.,Human vs. Machine: A framework of responsibilities and duties of transnational corporations for respecting human rights in the use of artificial intelligence,2019,,https://www.scopus.com/inward/record.uri?eid=2-s2.0-85082483343&partnerID=40&md5=3ce5f8870b527dcbf424523a5fbdf6d8
ACADEMIC,"Kanuck, Sean","Humor, Ethics, and Dignity: Being Human in the Age of Artificial Intelligence.",Spring2019,10.1017/S0892679418000928,"https://search.ebscohost.com/login.aspx?direct=true&AuthType=cookie,ip,shib,uid&db=aph&AN=135139895&lang=pt-br&site=ehost-live"
SCOPUS,Ridge H.M.,Illiberal Democrats in Egypt,2022,10.1080/21520844.2022.2075175,https://www.scopus.com/inward/record.uri?eid=2-s2.0-85132738446&doi=10.1080%2f21520844.2022.2075175&partnerID=40&md5=1b81e2a3708af5b4741a432d7776be23
SCOPUS,"Livson M., Eshtokin S., Vasyukov V., Yudina E., Baybarin A., Pivneva S.",IMPACT OF DIGITALIZATION ON LEGAL REGULATION: FORMATION OF NEW LEGAL PRACTICES [IMPACTO DA DIGITALIZAÇÃO NA REGULAÇÃO JURÍDICA: FORMAÇÃO DE NOVAS PRÁTICAS JURÍDICAS],2021,10.37497/REVCAMPOJUR.V9I2.749,https://www.scopus.com/inward/record.uri?eid=2-s2.0-85125708229&doi=10.37497%2fREVCAMPOJUR.V9I2.749&partnerID=40&md5=65a1a9c5769781c6c63a18a82560de73
ACADEMIC,"WALZ, AXEL; FIRTH-BUTTERFIELD, KAY","IMPLEMENTING ETHICS INTO ARTIFICIAL INTELLIGENCE: A CONTRIBUTION, FROM A LEGAL PERSPECTIVE, TO THE DEVELOPMENT OF AN AI GOVERNANCE REGIME.",Dec2019,,"https://search.ebscohost.com/login.aspx?direct=true&AuthType=cookie,ip,shib,uid&db=aph&AN=141372963&lang=pt-br&site=ehost-live"
ACADEMIC,"Kocaman, Sultan; Ozdemir, Nadire",Improvement of Disability Rights via Geographic Information Science.,jul.2020,10.3390/su12145807,"https://search.ebscohost.com/login.aspx?direct=true&AuthType=cookie,ip,shib,uid&db=fsr&AN=144875861&lang=pt-br&site=ehost-live"
SCOPUS,Hernández Giménez M.,Intelligence and criminal law [Inteligencia artificial y derecho penal],2019,,https://www.scopus.com/inward/record.uri?eid=2-s2.0-85069678431&partnerID=40&md5=49f1b8d12dc69b42063ccbdc126066d9
SCOPUS,Pfeifer-Chomiczewska K.,Intelligent service robots for elderly or disabled people and human dignity: legal point of view,2022,10.1007/s00146-022-01477-0,https://www.scopus.com/inward/record.uri?eid=2-s2.0-85130190875&doi=10.1007%2fs00146-022-01477-0&partnerID=40&md5=fc1d8b5193587a726c8f613faca5340e
SCOPUS,Iaconesi S.,Interface and Data Biopolitics in the Age of Hyperconnectivity. Implications for Design,2017,10.1080/14606925.2017.1352896,https://www.scopus.com/inward/record.uri?eid=2-s2.0-85054513406&doi=10.1080%2f14606925.2017.1352896&partnerID=40&md5=6da18796144a815e5c6bd04fc9c0cd84
SCOPUS,"Bello y Villarino J.-M., Vijeyarasa R.","International Human Rights, Artificial Intelligence, and the Challenge for the Pondering State: Time to Regulate?",2022,10.1080/18918131.2022.2069919,https://www.scopus.com/inward/record.uri?eid=2-s2.0-85130382358&doi=10.1080%2f18918131.2022.2069919&partnerID=40&md5=3a8c54069e3136564dc03d79a1237fbf
SCOPUS,Akimoto D.,International regulation of “lethal autonomous weapons systems” (LAWS): Paradigms of policy debate in Japan,2019,10.18588/201911.00a079,https://www.scopus.com/inward/record.uri?eid=2-s2.0-85077397424&doi=10.18588%2f201911.00a079&partnerID=40&md5=db6704b3812102f3565ced48a63cc229
ACADEMIC,Altavilla A,"Introduction: Special Issue on Innovative Medicine and Research: Ethical, Legal and Regulatory Issues.",2020 jun. 15,10.1163/15718093-BJA10019,"https://search.ebscohost.com/login.aspx?direct=true&AuthType=cookie,ip,shib,uid&db=mdc&AN=32697739&lang=pt-br&site=ehost-live"
ACADEMIC,Hunkenschroer AL; Kriebitz A,Is AI recruiting (un)ethical? A human rights perspective on the use of AI for hiring.,2022 jul. 25,10.1007/s43681-022-00166-4,"https://search.ebscohost.com/login.aspx?direct=true&AuthType=cookie,ip,shib,uid&db=mdc&AN=35909984&lang=pt-br&site=ehost-live"
SCOPUS,da Silva P.G.F.,It’s a boy! It’s a girl! The risks of facial analysis technologies for trans and non-binary gender identities [É menino! É menina! Os riscos das tecnologias de análise facial para as identidades de gênero trans e não-binárias],2022,10.17808/des.60.1875,https://www.scopus.com/inward/record.uri?eid=2-s2.0-85138572559&doi=10.17808%2fdes.60.1875&partnerID=40&md5=2639f8c7a4bb6ce9c26c1b02730ec1ca
SCOPUS,"Yulia R., Sergiy R.","Justice in the digital age: Technological solutions, hidden threats and enticing opportunities",2021,10.33327/AJEE-18-4.2-A000061,https://www.scopus.com/inward/record.uri?eid=2-s2.0-85106738276&doi=10.33327%2fAJEE-18-4.2-A000061&partnerID=40&md5=efc63d8106df22f975dd11366783d638
SCOPUS,José D.G.S.,Legal and bioethical implications of artificial intelligence (Ai). special consideration of the international regulatory framework [Implicaciones jurídicas y bioéticas de la inteligencia artificial (Ia). especial consideración al marco normativo internacional],2021,10.20318/cdt.2021.5959,https://www.scopus.com/inward/record.uri?eid=2-s2.0-85103033135&doi=10.20318%2fcdt.2021.5959&partnerID=40&md5=81a6c27d79c67f5d3e67739199878146
SCOPUS,"Yara O., Brazheyev A., Golovko L., Bashkatova V.",Legal regulation of the use of artificial intelligence: problems and development prospects,2021,10.14207/ejsd.2021.v10n1p281,https://www.scopus.com/inward/record.uri?eid=2-s2.0-85101073132&doi=10.14207%2fejsd.2021.v10n1p281&partnerID=40&md5=495d623ba4cc5e14b8b4ef0a20f76712
ACADEMIC,"Schneider, Valerie","LOCKED OUT BY BIG DATA: HOW BIG DATA, ALGORITHMS AND MACHINE LEARNING MAY UNDERMINE HOUSING JUSTICE.",Fall2020,,"https://search.ebscohost.com/login.aspx?direct=true&AuthType=cookie,ip,shib,uid&db=sih&AN=147695494&lang=pt-br&site=ehost-live"
SCOPUS,Varytimidou C.,"Looking Through Black Boxes in Medical Diagnosis: Is the Upcoming Three-Dimensional European Regulatory Framework Ready, Willing and Able?",2022,10.21552/ehpl/2022/1/5,https://www.scopus.com/inward/record.uri?eid=2-s2.0-85138323076&doi=10.21552%2fehpl%2f2022%2f1%2f5&partnerID=40&md5=7d2a2203a640dd19d32d2ea084cc5e68
ACADEMIC,"Rai, Arti K.",Machine Learning at the Patent Office: Lessons for Patents and Administrative Law.,jul.2019,,"https://search.ebscohost.com/login.aspx?direct=true&AuthType=cookie,ip,shib,uid&db=aph&AN=138285503&lang=pt-br&site=ehost-live"
SCOPUS,"Ienca M., Malgieri G.",Mental data protection and the GDPR,2022,10.1093/jlb/lsac006,https://www.scopus.com/inward/record.uri?eid=2-s2.0-85131115858&doi=10.1093%2fjlb%2flsac006&partnerID=40&md5=bff3aa5e02cc5930bc0a6e02939fe755
ACADEMIC,"Kostick-Quenet, Kristin M.; Cohen, I. Glenn; Gerke, Sara; Lo, Bernard; Antaki, James; Movahedi, Faezah; Njah, Hasna; Schoen, Lauren; Estep, Jerry E.; Blumenthal-Barby, J.S.",Mitigating Racial Bias in Machine Learning.,Spring2022,10.1017/jme.2022.13,"https://search.ebscohost.com/login.aspx?direct=true&AuthType=cookie,ip,shib,uid&db=aph&AN=155934044&lang=pt-br&site=ehost-live"
ACADEMIC,Ienca M,On Neurorights.,2021 Sep 24,10.3389/fnhum.2021.701258,"https://search.ebscohost.com/login.aspx?direct=true&AuthType=cookie,ip,shib,uid&db=mdc&AN=34630057&lang=pt-br&site=ehost-live"
ACADEMIC,"Hung, Tzu-Wei; Yen, Chun-Ping",On the person-based predictive policing of AI.,Sep2021,10.1007/s10676-020-09539-x,"https://search.ebscohost.com/login.aspx?direct=true&AuthType=cookie,ip,shib,uid&db=iih&AN=153819641&lang=pt-br&site=ehost-live"
ACADEMIC,Kayaalp M,Patient Privacy in the Era of Big Data.,2018 jan. 20,10.4274/balkanmedj.2017.0966,"https://search.ebscohost.com/login.aspx?direct=true&AuthType=cookie,ip,shib,uid&db=mdc&AN=28903886&lang=pt-br&site=ehost-live"
SCOPUS,"Chatterjee S., Sreenivasulu N.S.",Personal data sharing and legal issues of human rights in the era of artificial intelligence: Moderating effect of government regulation,2019,10.4018/IJEGR.2019070102,https://www.scopus.com/inward/record.uri?eid=2-s2.0-85098635165&doi=10.4018%2fIJEGR.2019070102&partnerID=40&md5=fbdd527add42f0c1e23ff21594002621
SCOPUS,"Altoukhov A.V., Kashkin S.Yu., Molchanov N.A.",Platform Law and Platform Solutions in the Fight against the Pandemic,2021,10.17803/2313-5395.2021.3.17.443-452,https://www.scopus.com/inward/record.uri?eid=2-s2.0-85125869804&doi=10.17803%2f2313-5395.2021.3.17.443-452&partnerID=40&md5=64180b481d0971a49989b5d6a7fa2be1
SCOPUS,Koulu R.,Proceduralizing control and discretion: Human oversight in artificial intelligence policy,2020,10.1177/1023263X20978649,https://www.scopus.com/inward/record.uri?eid=2-s2.0-85097017006&doi=10.1177%2f1023263X20978649&partnerID=40&md5=01427f0d8688b70294ef64c3156ce557
ACADEMIC,"Brown, Rafael Dean",Property ownership and the legal personhood of artificial intelligence.,jun.2021,10.1080/13600834.2020.1861714,"https://search.ebscohost.com/login.aspx?direct=true&AuthType=cookie,ip,shib,uid&db=aph&AN=148040130&lang=pt-br&site=ehost-live"
SCOPUS,Di Tano F.,PROTECTION OF PERSONAL DATA AND SCIENTIFIC RESEARCH: A CONTROVERSIAL BUT NECESSARY RELATIONSHIP [Protezione dei dati personali e ricerca scientifica: Un rapporto controverso ma necessario],2022,,https://www.scopus.com/inward/record.uri?eid=2-s2.0-85131334892&partnerID=40&md5=e0ef6ff7296cf709c660bb54210379a2
ACADEMIC,"PEREIRA SIQUEIRA, DIRCEU; CORRÊA PAVESI LARA, FERNANDA","QUARTA REVOLUÇÃO INDUSTRIAL, INTELIGÊNCIA ARTIFICIAL E A PROTEÇÃO DO HOMEM NO DIREITO BRASILEIRO.",2020,10.46560/meritum.v15i4.8223.,"https://search.ebscohost.com/login.aspx?direct=true&AuthType=cookie,ip,shib,uid&db=aph&AN=148325377&lang=pt-br&site=ehost-live"
SCOPUS,Barkane I.,Questioning the EU proposal for an Artificial Intelligence Act: The need for prohibitions and a stricter approach to biometric surveillance,2022,10.3233/IP-211524,https://www.scopus.com/inward/record.uri?eid=2-s2.0-85132719755&doi=10.3233%2fIP-211524&partnerID=40&md5=ed70336f3ca16e3e871619b9afeb242b
SCOPUS,Voiculescu A.,Reflections on the EPSRC Principles of Robotics from the new far-side of the law,2017,10.1080/09540091.2017.1313818,https://www.scopus.com/inward/record.uri?eid=2-s2.0-85018625669&doi=10.1080%2f09540091.2017.1313818&partnerID=40&md5=be775e0ea44ba6933f8d4823bfb028e7
SCOPUS,Ahmad N.,Refugees and algorithmic humanitarianism: Applying artificial intelligence to RSD procedures and immigration decisions and making global human rights obligations relevant to AI governance,2020,10.1163/15718115-bja10007,https://www.scopus.com/inward/record.uri?eid=2-s2.0-85111288568&doi=10.1163%2f15718115-bja10007&partnerID=40&md5=ed114628edf61a3ff463f3b99f88c40f
SCOPUS,"Stuurman K., Lachaud E.",Regulating AI. A label to complete the proposed Act on Artificial Intelligence,2022,10.1016/j.clsr.2022.105657,https://www.scopus.com/inward/record.uri?eid=2-s2.0-85124567808&doi=10.1016%2fj.clsr.2022.105657&partnerID=40&md5=4f1178b1941b8b2fd20b691614748869
SCOPUS,Karatzogianni A.,Research design for an integrated Artificial Intelligence ethical framework [ИНТЕГРАЦИЯ ЭТИЧЕСКИХ ОСНОВАНИЙ ИСКУССТВЕННОГО ИНТЕЛЛЕКТА: ПЛАН ИССЛЕДОВАНИЯ],2021,10.14515/MONITORING.2021.1.1911,https://www.scopus.com/inward/record.uri?eid=2-s2.0-85103771025&doi=10.14515%2fMONITORING.2021.1.1911&partnerID=40&md5=3a3c713c258877992b51adde78bfeb2b
SCOPUS,Violante L.,"RULE OF LAW AND PUBLIC POWERS IN THE DIGITAL ERA. CYBERSOCIETY, CYBERCOMMUNITY, CYBER- STATE, CYBERSPACE: THIRTEEN THESIS [Diritto e potere nell’era digitale. Cybersociety, cybercommunity, cyberstate, cyberspace: Tredici tesi]",2022,,https://www.scopus.com/inward/record.uri?eid=2-s2.0-85131322299&partnerID=40&md5=72ef71ffd816e1020639af571254a23f
SCOPUS,"Koerner A., Campo E.A.P.D.",Social Law and Digital Technologies [Direito Social e tecnologias digitais] [Derecho social y tecnologías digitales],2020,10.15332/625,https://www.scopus.com/inward/record.uri?eid=2-s2.0-85123005488&doi=10.15332%2f625&partnerID=40&md5=9093698f4108081b7765ffd754d78d87
SCOPUS,Weber R.H.,Socio-ethical values and legal rules on automated platforms: The quest for a symbiotic relationship,2020,10.1016/j.clsr.2019.105380,https://www.scopus.com/inward/record.uri?eid=2-s2.0-85075391793&doi=10.1016%2fj.clsr.2019.105380&partnerID=40&md5=2a61b5bfe295bcece1430a47a906c585
SCOPUS,Laguna de Paz J.C.,Some implications of the new global digital economy for financial regulation and supervision,2022,10.1057/s41261-022-00189-1,https://www.scopus.com/inward/record.uri?eid=2-s2.0-85124759015&doi=10.1057%2fs41261-022-00189-1&partnerID=40&md5=361d84b6e06049e810d3bf114b8251f1
SCOPUS,Zuiderveen Borgesius F.J.,Strengthening legal protection against discrimination by algorithms and artificial intelligence,2020,10.1080/13642987.2020.1743976,https://www.scopus.com/inward/record.uri?eid=2-s2.0-85082435746&doi=10.1080%2f13642987.2020.1743976&partnerID=40&md5=865232b0194a7a71dd82d5dcb60ba0c7
SCOPUS,"West L., Halvorson D.",Student Engagement and Deep Learning in the First-Year International Relations Classroom: Simulating a UN Security Council Debate on the Syrian Crisis,2021,10.1080/15512169.2019.1616298,https://www.scopus.com/inward/record.uri?eid=2-s2.0-85066779869&doi=10.1080%2f15512169.2019.1616298&partnerID=40&md5=7299c1bcbbf919e76b2a16c7eb5c0bd3
SCOPUS,"Andraško J., Hamuľák O., Mesarčík M., Kerikmäe T., Kajander A.","Sustainable data governance for cooperative, connected and automated mobility in the European Union",2021,10.3390/su131910610,https://www.scopus.com/inward/record.uri?eid=2-s2.0-85115735040&doi=10.3390%2fsu131910610&partnerID=40&md5=ba3beee4be4ba13f5087ae315892d0f7
SCOPUS,Molnar P.,Technology on the margins: AI and global migration management from a human rights perspective,2019,10.4337/cilj.2019.02.07,https://www.scopus.com/inward/record.uri?eid=2-s2.0-85084223021&doi=10.4337%2fcilj.2019.02.07&partnerID=40&md5=a2e1576b3b6e2d1004cdff50ce31f043
SCOPUS,"Razmetaeva Y., Barabash Y., Lukianov D.",THE CONCEPT OF HUMAN RIGHTS IN THE DIGITAL ERA: CHANGES AND CONSEQUENCES FOR JUDICIAL PRACTICE,2022,10.33327/AJEE-18-5.3-a000327,https://www.scopus.com/inward/record.uri?eid=2-s2.0-85136803846&doi=10.33327%2fAJEE-18-5.3-a000327&partnerID=40&md5=dfbbe70f400fa956b9061ebaf53f8e33
SCOPUS,"Popartan L.A., Cortés À., Garrido-Baserba M., Verdaguer M., Poch M., Gibert K.",The Digital Revolution in the Urban Water Cycle and Its Ethical–Political Implications: A Critical Perspective,2022,10.3390/app12052511,https://www.scopus.com/inward/record.uri?eid=2-s2.0-85125790620&doi=10.3390%2fapp12052511&partnerID=40&md5=1aa4107e8f5b50092c0c30e13d01185e
SCOPUS,Alkhasawneh A.,The future of biometric data protection in Jordan in light of the GDPR: Do we need to comply with the GDPR?,2020,,https://www.scopus.com/inward/record.uri?eid=2-s2.0-85087318093&partnerID=40&md5=42b8d8a91b7f43c818f6953efb40574c
SCOPUS,Gibbons E.D.,Toward a More Equal World: The Human Rights Approach to Extending the Benefits of Artificial Intelligence,2021,10.1109/MTS.2021.3056295,https://www.scopus.com/inward/record.uri?eid=2-s2.0-85103097079&doi=10.1109%2fMTS.2021.3056295&partnerID=40&md5=15597f3168789580789d81d9795c92bb
SCOPUS,Katulić T.,Towards the trustworthy AI: Insights from the regulations on data protection and information security [Prema regulaciji umjetne inteligencije (UI): Uvidi i iskustva iz regulacije zaštite osobnih podataka i informacijske sigurnosti],2020,10.22572/mi.26.2.1,https://www.scopus.com/inward/record.uri?eid=2-s2.0-85101014126&doi=10.22572%2fmi.26.2.1&partnerID=40&md5=63243d4eb56686fecf131577789155eb
SCOPUS,"Demura M., Klepka D.",USING ARTIFICIAL INTELLIGENCE ALGORITHMS IN THE FIELD OF CRIMINAL JUDICIARY: INTERNATIONAL EXPERIENCE AND DOMESTIC PROSPECTS [ВИКОРИСТАННЯ АЛГОРИТМІВ ШТУЧНОГО ІНТЕЛЕКТУ У ГАЛУЗІ КРИМІНАЛЬНОГО СУДОЧИНСТВА: МІЖНАРОДНИЙ ДОСВІД ТА ВІТЧИЗНЯНІ ПЕРСПЕКТИВИ],2021,10.15407/SCINE17.05.095,https://www.scopus.com/inward/record.uri?eid=2-s2.0-85122487511&doi=10.15407%2fSCINE17.05.095&partnerID=40&md5=86e4c81b59cc6204874ddcccbcce78bb
,,,,,
,,,,,
LEGENDA,,,,,
DUPLICADO EM BASE DISTINTA,,,,,
DUPLICADO NA MESMA BASE,,,,,